﻿<?xml version="1.0" encoding="utf-8"?>
<ServerSettingsClass xmlns:xsd="http://www.w3.org/2001/XMLSchema" xmlns:xsi="http://www.w3.org/2001/XMLSchema-instance">
  <DefaultFlows />
  <AllowWebAPI>false</AllowWebAPI>
  <WebAPIPort>0</WebAPIPort>
  <WebAPISecurePort>8002</WebAPISecurePort>
  <AllowMFT>false</AllowMFT>
  <AllowLocalConnectionsOnly>false</AllowLocalConnectionsOnly>
  <ADServerCredential />
  <AllowActiveDirectoryLogon>false</AllowActiveDirectoryLogon>
  <AllowedADGroups />
  <ServerOn>true</ServerOn>
  <ServerVersion>8.3.2</ServerVersion>
  <ServerTime>2019-01-09T23:00:03</ServerTime>
  <BuildDate>2018-01-05T02:49:15</BuildDate>
  <UTCTimeOffset>-180000000000</UTCTimeOffset>
  <TimeZoneName>Eastern Standard Time</TimeZoneName>
  <RenameStandard>VisualCron</RenameStandard>
  <LimitOutput>true</LimitOutput>
  <ExtendedDebugging>false</ExtendedDebugging>
  <ServerLogToFile>true</ServerLogToFile>
  <LogToEventLog>false</LogToEventLog>
  <LimitOutputSize>2000</LimitOutputSize>
  <IsCluster>false</IsCluster>
  <ServerPort>16444</ServerPort>
  <SMTPPort>25</SMTPPort>
  <SMTPUseAuthentication>false</SMTPUseAuthentication>
  <ServerLanguageId>11</ServerLanguageId>
  <Proxy>
    <ProxyType>NoProxy</ProxyType>
    <ProxyServerType>UserSite</ProxyServerType>
    <UseCredentials>true</UseCredentials>
    <Port>0</Port>
    <UseProxyForDataChannel>true</UseProxyForDataChannel>
  </Proxy>
  <BackupJobAdded>true</BackupJobAdded>
  <DeleteJobLogsAdded>true</DeleteJobLogsAdded>
  <SendErrorReport>true</SendErrorReport>
  <LogDB>
    <LogToDB>true</LogToDB>
    <LogGeneralDateStart>0001-01-01T00:00:00</LogGeneralDateStart>
    <LogGeneralDateEnd>0001-01-01T00:00:00</LogGeneralDateEnd>
    <LogGeneralKeepMaximumRows>true</LogGeneralKeepMaximumRows>
    <LogGeneralMaximumRowCount>2000</LogGeneralMaximumRowCount>
    <LogGeneralKeepForXDays>true</LogGeneralKeepForXDays>
    <LogGeneralKeepForXDaysCount>14</LogGeneralKeepForXDaysCount>
    <LogAuditDateStart>0001-01-01T00:00:00</LogAuditDateStart>
    <LogAuditDateEnd>0001-01-01T00:00:00</LogAuditDateEnd>
    <LogAuditKeepMaximumRows>true</LogAuditKeepMaximumRows>
    <LogAuditMaximumRowCount>2000</LogAuditMaximumRowCount>
    <LogAuditKeepForXDays>true</LogAuditKeepForXDays>
    <LogAuditKeepForXDaysCount>14</LogAuditKeepForXDaysCount>
    <LogJobDateStart>0001-01-01T00:00:00</LogJobDateStart>
    <LogJobDateEnd>0001-01-01T00:00:00</LogJobDateEnd>
    <LogJobKeepMaximumRows>true</LogJobKeepMaximumRows>
    <LogJobMaximumRowCount>2000</LogJobMaximumRowCount>
    <LogJobKeepForXDays>true</LogJobKeepForXDays>
    <LogJobKeepForXDaysCount>14</LogJobKeepForXDaysCount>
    <LogTaskDateStart>0001-01-01T00:00:00</LogTaskDateStart>
    <LogTaskDateEnd>0001-01-01T00:00:00</LogTaskDateEnd>
    <LogTaskKeepMaximumRows>true</LogTaskKeepMaximumRows>
    <LogTaskMaximumRowCount>2000</LogTaskMaximumRowCount>
    <LogTaskKeepForXDays>true</LogTaskKeepForXDays>
    <LogTaskKeepForXDaysCount>14</LogTaskKeepForXDaysCount>
  </LogDB>
  <ServerSettingsFolder>C:\Program Files (x86)\VisualCron\settings</ServerSettingsFolder>
  <InstallFolder>C:\Program Files (x86)\VisualCron\</InstallFolder>
  <LogFolder>C:\Program Files (x86)\VisualCron\log</LogFolder>
  <BackupFolder>C:\Program Files (x86)\VisualCron\backup</BackupFolder>
  <OutputCacheFolder>C:\ProgramData\VisualCron\output</OutputCacheFolder>
  <TempFolder>C:\Windows\TEMP\VisualCron</TempFolder>
  <DefaultCodePage>1252</DefaultCodePage>
  <OverrideHTTPConnectionLimit>true</OverrideHTTPConnectionLimit>
  <HTTPConnectionLimit>500</HTTPConnectionLimit>
  <DefaultExitCodeCollection />
</ServerSettingsClass>