﻿<?xml version="1.0" encoding="utf-8"?><ArrayOfSecUserClass xmlns:xsd="http://www.w3.org/2001/XMLSchema" xmlns:xsi="http://www.w3.org/2001/XMLSchema-instance"><SecUserClass><ADCredential /><ADHostName /><ADDC /><Id>e19bb1c7-a993-4fd4-aa32-3bcfd622d45b</Id><Name>Dz+I3u0k90j8Oy8DftY0F1CPqNFL1K5G5nIlQFnaYOA=</Name><UserName>++WeBJ6ROow=</UserName><PassWord>mQeR5Z1LEmA=</PassWord><Active>true</Active><InheritGroup>true</InheritGroup><Groups><string>1df408ab-c2e3-41b6-ba0e-9b17b3b6743a</string></Groups><OriginalADGroupId /><IsADUser>false</IsADUser><IsADGroup>false</IsADGroup></SecUserClass><SecUserClass><ADCredential /><ADHostName /><ADDC /><Id>b626c954-f49a-2e23-b9b5-fd84f90ae628</Id><Name>Dz+I3u0k90if2ebEIFWKbSP/pBIgbORhKkQg2IklCLE=</Name><UserName>eN4ZIDfoZP9MyDZjWdQR0g==</UserName><PassWord>c4Wu3w2KQ0+8ir6Cq8+nQw==</PassWord><Active>true</Active><InheritGroup>true</InheritGroup><Groups><string>3df408ab-c2e3-41b6-ba0e-9b17b3b6743a</string></Groups><OriginalADGroupId /><IsADUser>false</IsADUser><IsADGroup>false</IsADGroup></SecUserClass></ArrayOfSecUserClass>